Name,Gender
Abdullah Badawi,male
Abdullah El-Solh,male
Abdullah Kassar,male
Abdullah Khattab,male
Abdullah Mughrabi,male
Abdullah Najafi,male
Abdullah Safadi,male
Abdullah Sahraoui,male
Abdullah Shakir,male
Abdullah Tamimi,male
Abdullah al-Balushi,male
Abdulrahman Al-Mutairi,unknown
Abdulrahman Al-Zoubi,unknown
Abdulrahman El-Solh,unknown
Abdulrahman Hosseini,unknown
Abdulrahman Khattab,unknown
Abdulrahman Mahmoudi,unknown
Abdulrahman Mughrabi,unknown
Abdulrahman Qureshi,unknown
Abdulrahman Safadi,unknown
Abdulrahman al-Balushi,unknown
Abdulrahman al-Fasi,unknown
Abdulrahman al-Masri,unknown
Ahmed Al-Mutairi,male
Ahmed Badawi,male
Ahmed Hosseini,male
Ahmed Kassar,male
Ahmed Khattab,male
Ahmed Mahmoudi,male
Ahmed Mughrabi,male
Ahmed Qureshi,male
Ahmed Safadi,male
Ahmed Sahraoui,male
Ahmed Tamimi,male
Ahmed al-Masri,male
Alan Chan,male
Alan Chen,male
Alan Choi,male
Alan Kim,male
Alan Le,male
Alan Li,male
Alan Lin,male
Alan Liu,male
Alan Nguyen,male
Alan Pham,male
Alan Wang,male
Alan Wu,male
Alan Yang,male
Alan Zhang,male
Albert Chan,male
Albert Choi,male
Albert Ho,male
Albert Huang,male
Albert Huynh,male
Albert Le,male
Albert Li,male
Albert Lin,male
Albert Nguyen,male
Albert Pham,male
Albert Vang,male
Albert Wang,male
Albert Yang,male
Albert Yu,male
Albert Zhang,male
Alejandra Contreras,female
Alejandra Gonzalez,female
Alejandra Gutierrez,female
Alejandra Guzman,female
Alejandra Jimenez,female
Alejandra Juarez,female
Alejandra Maldonado,female
Alejandra Munoz,female
Alejandra Ramirez,female
Alejandra Rodriguez,female
Alejandra Soto,female
Alex Choi,male
Alex Ho,male
Alex Huynh,male
Alex Le,male
Alex Li,male
Alex Lin,male
Alex Wu,male
Alex Yu,male
Ali Al-Zoubi,male
Ali Badawi,male
Ali Boushaki,male
Ali Sahraoui,male
Ali Tamimi,male
Ali Wardak,male
Ali al-Fasi,male
Ali al-Masri,male
Amina Al-Mutairi,female
Amina Badawi,female
Amina Boushaki,female
Amina El-Solh,female
Amina Hosseini,female
Amina Khattab,female
Amina Mahmoudi,female
Amina Najafi,female
Amina Safadi,female
Amina Shakir,female
Amina Tamimi,female
Amina Wardak,female
Amina al-Fasi,female
Amy Carlson,female
Amy Chen,female
Amy Choi,female
Amy Hansen,female
Amy Ho,female
Amy Huang,female
Amy Johnston,female
Amy Keller,female
Amy Larson,female
Amy Li,female
Amy Obrien,female
Amy Schneider,female
Amy Schultz,female
Amy Snyder,female
Amy Wang,female
Amy Weber,female
Amy Wu,female
Amy Yu,female
Andrea Aguilar,female
Andrea Alvarado,female
Andrea Gonzalez,female
Andrea Guzman,female
Andrea Jimenez,female
Andrea Juarez,female
Andrea Munoz,female
Andrea Ramirez,female
Andrew Chan,male
Andrew Ho,male
Andrew Huang,male
Andrew Huynh,male
Andrew Kim,male
Andrew Le,male
Andrew Li,male
Andrew Lin,male
Andrew Tran,male
Andrew Vang,male
Andrew Wang,male
Andrew Yang,male
Andrew Yu,male
Anne Hansen,female
Anne Hanson,female
Anne Hoffman,female
Anne Keller,female
Anne Olson,female
Anne Schultz,female
Anne Schwartz,female
Anne Wagner,female
Anne Walsh,female
Annie Chen,female
Annie Huang,female
Annie Huynh,female
Annie Le,female
Annie Lin,female
Annie Liu,female
Annie Pham,female
Annie Yu,female
Annie Zhang,female
Ayanna Banks,female
Ayanna Branch,female
Ayanna Robinson,female
Ayanna Singleton,female
Blanca Guzman,female
Blanca Juarez,female
Blanca Mejia,female
Blanca Ramirez,female
Blanca Rojas,female
Brian Carlson,male
Brian Hansen,male
Brian Johnston,male
Brian Larson,male
Brian Meyer,male
Brian Obrien,male
Brian Walsh,male
Brian Weber,male
Camila Espinoza,female
Camila Gutierrez,female
Camila Hernandez,female
Camila Jimenez,female
Camila Juarez,female
Camila Ramirez,female
Camila Rios,female
Carlos Aguilar,male
Carlos Espinoza,male
Carlos Guzman,male
Carlos Jimenez,male
Carlos Maldonado,male
Carlos Munoz,male
Carlos Rios,male
Carlos Rodriguez,male
Carlos Rojas,male
Charles,male
Dan Chan,male
Dan Chen,male
Dan Choi,male
Dan Ho,male
Dan Huang,male
Dan Lin,male
Dan Tran,male
Dan Wang,male
Dan Yang,male
Dan Yu,male
Dan Zhang,male
Darnell Booker,mostly_male
Darnell Branch,mostly_male
Darnell Charles,mostly_male
Darnell Coleman,mostly_male
Darnell Dorsey,mostly_male
Darnell Harris,mostly_male
Darnell Jackson,mostly_male
Darnell Jefferson,mostly_male
Darnell Joseph,mostly_male
Darnell Mosley,mostly_male
Darnell Robinson,mostly_male
Darnell Singleton,mostly_male
Darnell Ware,mostly_male
Darnell Washington,mostly_male
David Chan,male
David Chen,male
David Ho,male
David Huynh,male
David Le,male
David Li,male
David Lin,male
David Nguyen,male
David Pham,male
David Tran,male
David Vang,male
David Wang,male
David Wu,male
David Zhang,male
DeShawn Banks,male
DeShawn Booker,male
DeShawn Branch,male
DeShawn Charles,male
DeShawn Coleman,male
DeShawn Dorsey,male
DeShawn Harris,male
DeShawn Jackson,male
DeShawn Joseph,male
DeShawn Mack,male
DeShawn Mosley,male
DeShawn Rivers,male
DeShawn Roberson,male
DeShawn Robinson,male
DeShawn Singleton,male
DeShawn Ware,male
DeShawn Washington,male
DeShawn Williams,male
Donald Hanson,male
Donald Jensen,male
Donald Johnston,male
Donald Larson,male
Donald Meyer,male
Donald Olson,male
Donald Ryan,male
Donald Wagner,male
Donald Walsh,male
Donna Hansen,female
Donna Hanson,female
Donna Johnston,female
Donna Keller,female
Donna Meyer,female
Donna Obrien,female
Donna Ryan,female
Donna Schmidt,female
Donna Schwartz,female
Donna Walsh,female
Donna Weber,female
Ebony Joseph,female
Ebony Mack,female
Ebony Mosley,female
Ebony Rivers,female
Elaine Chen,female
Elaine Choi,female
Elaine Huang,female
Elaine Huynh,female
Elaine Nguyen,female
Elaine Pham,female
Elaine Tran,female
Elaine Wang,female
Elaine Yang,female
Elaine Zhang,female
Eric Ho,male
Eric Huynh,male
Eric Kim,male
Eric Le,male
Eric Li,male
Eric Lin,male
Eric Nguyen,male
Eric Tran,male
Eric Wang,male
Eric Yang,male
Eric Zhang,male
Esperanza Alvarado,female
Esperanza Espinoza,female
Esperanza Hernandez,female
Esperanza Juarez,female
Esperanza Munoz,female
Esperanza Ramirez,female
Esperanza Rios,female
Esperanza Rodriguez,female
Esperanza Rojas,female
Esperanza Vazquez,female
Fatima Al-Mutairi,female
Fatima Al-Zoubi,female
Fatima Badawi,female
Fatima Boushaki,female
Fatima El-Solh,female
Fatima Kassar,female
Fatima Khattab,female
Fatima Mahmoudi,female
Fatima Najafi,female
Fatima Sahraoui,female
Fatima al-Masri,female
Francisco Aguilar,male
Francisco Gonzalez,male
Francisco Guzman,male
Francisco Juarez,male
Francisco Maldonado,male
Francisco Mejia,male
Francisco Munoz,male
Francisco Rojas,male
Francisco Soto,male
Francisco Vazquez,male
Gary Hanson,male
Gary Hoffman,male
Gary Keller,male
Gary Larson,male
Gary Meyer,male
Gary Obrien,male
Gary Schwartz,male
Gary Snyder,male
Gary Walsh,male
Gary Weber,male
Grace Chan,female
Grace Chen,female
Grace Huang,female
Grace Kim,female
Grace Le,female
Grace Liu,female
Grace Nguyen,female
Grace Pham,female
Grace Vang,female
Grace Yu,female
Graciela Alvarado,female
Graciela Contreras,female
Graciela Gonzalez,female
Graciela Gutierrez,female
Graciela Guzman,female
Graciela Mendez,female
Graciela Munoz,female
Guadalupe Aguilar,female
Guadalupe Guzman,female
Guadalupe Jimenez,female
Guadalupe Juarez,female
Guadalupe Mejia,female
Guadalupe Rojas,female
Guadalupe Vazquez,female
Hamza Al-Zoubi,male
Hamza El-Solh,male
Hamza Hosseini,male
Hamza Khattab,male
Hamza Mahmoudi,male
Hamza Sahraoui,male
Hamza Tamimi,male
Hamza al-Balushi,male
Hamza al-Fasi,male
Hamza al-Masri,male
Heather Hanson,female
Heather Jensen,female
Heather Johnston,female
Heather Walsh,female
Heather Weber,female
Hussein Al-Mutairi,male
Hussein Al-Zoubi,male
Hussein Badawi,male
Hussein Boushaki,male
Hussein El-Solh,male
Hussein Mahmoudi,male
Hussein Sahraoui,male
Hussein Tamimi,male
Imani Dorsey,female
Imani Joseph,female
Imani Mosley,female
Imani Rivers,female
Imani Roberson,female
Imani Robinson,female
Ivory Banks,male
Ivory Charles,male
Ivory Charles and,male
Ivory Coleman,male
Ivory Dorsey,male
Ivory Jackson,male
Ivory Jefferson,male
Ivory Mack,male
Ivory Mosley,male
Jackson,male
Jamal Charles,male
Jamal Dorsey,male
Jamal Jefferson,male
Jamal Joseph,male
Jamal Mosley,male
Jamal Roberson,male
Jamal Williams,male
Jefferson,male
Jeffrey Carlson,male
Jeffrey Hansen,male
Jeffrey Hanson,male
Jeffrey Hoffman,male
Jeffrey Obrien,male
Jeffrey Ryan,male
Jeffrey Schultz,male
Jeffrey Weber,male
Jenny Chan,female
Jenny Choi,female
Jenny Kim,female
Jenny Tran,female
Jenny Vang,female
Jermaine Banks,male
Jermaine Branch,male
Jermaine Dorsey,male
Jermaine Gaines,male
Jermaine Jackson,male
Jermaine Jefferson,male
Jermaine Joseph,male
Jermaine Mack,male
Jermaine Mosley,male
Jermaine Rivers,male
Jermaine Roberson,male
Jermaine Robinson,male
Jermaine Singleton,male
Jermaine Ware,male
Jermaine Washington,male
Jermaine Williams,male
Jerry Chen,male
Jerry Ho,male
Jerry Huang,male
Jerry Huynh,male
Jerry Liu,male
Jerry Nguyen,male
Jerry Wang,male
Jerry Wu,male
Jerry Yu,male
Jerry Zhang,male
Jesus Aguilar,mostly_male
Jesus Contreras,mostly_male
Jesus Espinoza,mostly_male
Jesus Gonzalez,mostly_male
Jesus Guzman,mostly_male
Jesus Hernandez,mostly_male
Jesus Jimenez,mostly_male
Jesus Juarez,mostly_male
Jesus Maldonado,mostly_male
Jesus Mendez,mostly_male
Jesus Munoz,mostly_male
Jesus Ramirez,mostly_male
Jesus Rios,mostly_male
Jesus Rojas,mostly_male
Jesus Soto,mostly_male
Jesus Vazquez,mostly_male
Joanna Chan,female
Joanna Chen,female
Joanna Le,female
Joanna Li,female
Joanna Lin,female
Joanna Nguyen,female
Joanna Pham,female
Joanna Vang,female
Joanna Wang,female
Joanna Wu,female
Jorge Aguilar,male
Jorge Alvarado,male
Jorge Contreras,male
Jorge Espinoza,male
Jorge Gonzalez,male
Jorge Gutierrez,male
Jorge Guzman,male
Jorge Hernandez,male
Jorge Jimenez,male
Jorge Juarez,male
Jorge Mejia,male
Jorge Munoz,male
Jorge Ramirez,male
Jorge Rios,male
Jorge Rodriguez,male
Jorge Rojas,male
Jose Espinoza,male
Jose Gonzalez,male
Jose Guzman,male
Jose Maldonado,male
Jose Mejia,male
Jose Mendez,male
Jose Rojas,male
Jose Soto,male
Jose Vazquez,male
Joseph,male
Juan Alvarado,male
Juan Contreras,male
Juan Espinoza,male
Juan Gonzalez,male
Juan Gutierrez,male
Juan Guzman,male
Juan Jimenez,male
Juan Juarez,male
Juan Mejia,male
Juan Munoz,male
Juan Rios,male
Juan Rodriguez,male
Juan Rojas,male
Juan Soto,male
Juan Vazquez,male
Juana Gonzalez,female
Juana Hernandez,female
Juana Juarez,female
Juana Rodriguez,female
Juana Soto,female
Juana Vazquez,female
Juarez,unknown
Julie Johnston,female
Julie Keller,female
Julie Ryan,female
Julie Schneider,female
Julie Snyder,female
Julie Weber,female
Kathleen Carlson,female
Kathleen Hanson,female
Kathleen Hoffman,female
Kathleen Johnston,female
Kathleen Keller,female
Kathleen Larson,female
Kathleen Schmidt,female
Kathleen Schneider,female
Kathleen Schultz,female
Kelly Hanson,mostly_female
Kelly Larson,mostly_female
Kelly Ryan,mostly_female
Kelly Schmidt,mostly_female
Kelly Schneider,mostly_female
Kelly Schwartz,mostly_female
Kelly Snyder,mostly_female
Kelly Weber,mostly_female
Khalid Al-Zoubi,male
Khalid Badawi,male
Khalid El-Solh,male
Khalid Kassar,male
Khalid Mahmoudi,male
Khalid Qureshi,male
Khalid Safadi,male
Khalid Tamimi,male
Khalid Wardak,male
Khalid al-Fasi,male
Khalid al-Masri,male
Khalil Booker,male
Khalil Charles,male
Khalil Coleman,male
Khalil Dorsey,male
Khalil Harris,male
Khalil Jackson,male
Khalil Jefferson,male
Khalil Mosley,male
Khalil Robinson,male
Khalil Washington,male
Khattab,unknown
Latasha Booker,female
Latasha Branch,female
Latasha Dorsey,female
Latasha Jackson,female
Latasha Joseph,female
Latasha Mack,female
Latasha Mosley,female
Latasha Rivers,female
Latasha Roberson,female
Latasha Singleton,female
Latasha Washington,female
Latasha Williams,female
Latoya Harris,unknown
Latoya Jackson,unknown
Latoya Jefferson,unknown
Latoya Joseph,unknown
Latoya Mack,unknown
Latoya Roberson,unknown
Latoya Williams,unknown
Lori Carlson,female
Lori Olson,female
Lori Ryan,female
Lori Schneider,female
Lori Schultz,female
Lori Snyder,female
Lori Walsh,female
Lori Weber,female
Luis Alvarado,male
Luis Contreras,male
Luis Gonzalez,male
Luis Gutierrez,male
Luis Jimenez,male
Luis Maldonado,male
Luis Mendez,male
Luis Ramirez,male
Luis Rios,male
Luis Vazquez,male
Mack,male
Malachi Banks,male
Malachi Booker,male
Malachi Branch,male
Malachi Coleman,male
Malachi Dorsey,male
Malachi Jefferson,male
Malachi Mack,male
Malachi Mosley,male
Malachi Rivers,male
Malachi Roberson,male
Malachi Robinson,male
Malachi Singleton,male
Malachi Ware,male
Malachi Washington,male
Maribel Aguilar,female
Maribel Gonzalez,female
Maribel Guzman,female
Maribel Jimenez,female
Maribel Juarez,female
Maribel Maldonado,female
Maribel Mejia,female
Maribel Munoz,female
Maribel Rios,female
Maribel Soto,female
Mark Hanson,male
Mark Hoffman,male
Mark Johnston,male
Mark Obrien,male
Mark Olson,male
Mark Schultz,male
Mark Schwartz,male
Mark Walsh,male
Maryam Al-Zoubi,female
Maryam Badawi,female
Maryam Mahmoudi,female
Maryam Mughrabi,female
Maryam Qureshi,female
Maryam Safadi,female
Maryam Sahraoui,female
Maryam Shakir,female
Maryam al-Balushi,female
Matthew Hansen,male
Matthew Hoffman,male
Matthew Keller,male
Matthew Olson,male
Matthew Ryan,male
Matthew Schmidt,male
Matthew Schneider,male
Matthew Schultz,male
Mayra Alvarado,female
Mayra Gonzalez,female
Mayra Guzman,female
Mayra Hernandez,female
Mayra Jimenez,female
Mayra Maldonado,female
Mayra Mendez,female
Mayra Ramirez,female
Mayra Rios,female
Mayra Vazquez,female
Mejia,unknown
Miguel Aguilar,male
Miguel Alvarado,male
Miguel Contreras,male
Miguel Hernandez,male
Miguel Juarez,male
Miguel Mejia,male
Miguel Mendez,male
Miguel Munoz,male
Miguel Ramirez,male
Miguel Rios,male
Miguel Rodriguez,male
Miguel Rojas,male
Mohamed Boushaki,male
Mohamed Kassar,male
Mohamed Mughrabi,male
Mohamed Safadi,male
Mohamed Sahraoui,male
Mohamed Shakir,male
Mohamed Tamimi,male
Mohamed Wardak,male
Mohamed al-Fasi,male
Mohamed al-Masri,male
Mosley,unknown
Nia Dorsey,female
Nia Harris,female
Nia Jackson,female
Nia Jefferson,female
Nia Mack,female
Nia Rivers,female
Nia Roberson,female
Nia Robinson,female
Nia Singleton,female
Noor Al-Mutairi,mostly_female
Noor Al-Zoubi,mostly_female
Noor Badawi,mostly_female
Noor El-Solh,mostly_female
Noor Hosseini,mostly_female
Noor Kassar,mostly_female
Noor Mahmoudi,mostly_female
Noor Safadi,mostly_female
Noor Wardak,mostly_female
Noor al-Balushi,mostly_female
Noor al-Masri,mostly_female
Omar Al-Mutairi,male
Omar Al-Zoubi,male
Omar Boushaki,male
Omar Hosseini,male
Omar Kassar,male
Omar Mahmoudi,male
Omar Mughrabi,male
Omar Sahraoui,male
Omar Tamimi,male
Omar Wardak,male
Omar al-Balushi,male
Omar al-Masri,male
Peter Chan,male
Peter Chen,male
Peter Choi,male
Peter Ho,male
Peter Huang,male
Peter Huynh,male
Peter Kim,male
Peter Lin,male
Peter Pham,male
Peter Tran,male
Peter Vang,male
Peter Wang,male
Peter Yang,male
Queenie Chan,female
Queenie Chen,female
Queenie Huang,female
Queenie Huynh,female
Queenie Le,female
Queenie Li,female
Queenie Vang,female
Queenie Wu,female
Queenie Yu,female
Queenie Zhang,female
Rafael Aguilar,male
Rafael Alvarado,male
Rafael Contreras,male
Rafael Espinoza,male
Rafael Gutierrez,male
Rafael Juarez,male
Rafael Mendez,male
Rafael Munoz,male
Rafael Rios,male
Rafael Rodriguez,male
Rafael Rojas,male
Rafael Soto,male
Rafael Vazquez,male
Ramirez,unknown
Reem Boushaki,female
Reem Mahmoudi,female
Reem Najafi,female
Reem Safadi,female
Reem Sahraoui,female
Reem Shakir,female
Reem Tamimi,female
Reem Wardak,female
Reem al-Balushi,female
Reem al-Fasi,female
Reem al-Masri,female
Roberto Aguilar,male
Roberto Contreras,male
Roberto Espinoza,male
Roberto Gutierrez,male
Roberto Guzman,male
Roberto Hernandez,male
Roberto Juarez,male
Roberto Maldonado,male
Roberto Mendez,male
Roberto Munoz,male
Roberto Ramirez,male
Roberto Rodriguez,male
Robinson,unknown
Roosevelt Charles,male
Roosevelt Dorsey,male
Roosevelt Harris,male
Roosevelt Jackson,male
Roosevelt Jefferson,male
Roosevelt Joseph,male
Roosevelt Mack,male
Roosevelt Robinson,male
Roosevelt Washington,male
Roosevelt Williams,male
Salma Badawi,female
Salma Boushaki,female
Salma Khattab,female
Salma Mughrabi,female
Salma Najafi,female
Salma Sahraoui,female
Salma Shakir,female
Salma Wardak,female
Salma al-Masri,female
Sam Chen,mostly_male
Sam Huynh,mostly_male
Sam Le,mostly_male
Sam Lin,mostly_male
Sam Liu,mostly_male
Sam Nguyen,mostly_male
Sam Pham,mostly_male
Sam Tran,mostly_male
Sam Wang,mostly_male
Sam Yang,mostly_male
Sam Yu,mostly_male
Sam Zhang,mostly_male
Scott Carlson,male
Scott Hanson,male
Scott Hoffman,male
Scott Keller,male
Scott Meyer,male
Scott Obrien,male
Scott Olson,male
Scott Schmidt,male
Scott Schneider,male
Scott Schultz,male
Scott Wagner,male
Scott Weber,male
Shanice Branch,female
Shanice Charles,female
Shanice Dorsey,female
Shanice Harris,female
Shanice Joseph,female
Shanice Mosley,female
Shanice Roberson,female
Shanice Robinson,female
Shanice Singleton,female
Shanice Williams,female
Shannon Keller,mostly_female
Shannon Obrien,mostly_female
Shannon Olson,mostly_female
Shannon Ryan,mostly_female
Shannon Schmidt,mostly_female
Shannon Schneider,mostly_female
Shannon Snyder,mostly_female
Shannon Wagner,mostly_female
Shannon Walsh,mostly_female
Shannon Weber,mostly_female
Steven Carlson,male
Steven Hoffman,male
Steven Jensen,male
Steven Keller,male
Steven Larson,male
Steven Meyer,male
Steven Schultz,male
Steven Wagner,male
Susan Carlson,female
Susan Hansen,female
Susan Hanson,female
Susan Hoffman,female
Susan Keller,female
Susan Larson,female
Susan Schultz,female
Susan Schwartz,female
Susan Snyder,female
Susan Wagner,female
Susan Walsh,female
Tala Al-Mutairi,female
Tala Badawi,female
Tala Kassar,female
Tala Khattab,female
Tala Najafi,female
Tala Tamimi,female
Tala Wardak,female
Tala al-Fasi,female
Tala al-Masri,female
Tamika Booker,female
Tamika Charles,female
Tamika Coleman,female
Tamika Dorsey,female
Tamika Gaines,female
Tamika Harris,female
Tamika Mosley,female
Tamika Rivers,female
Tamika Roberson,female
Tamika Singleton,female
Tamika Ware,female
Tamika Washington,female
Tanisha Booker,female
Tanisha Charles,female
Tanisha Coleman,female
Tanisha Harris,female
Tanisha Jackson,female
Tanisha Jefferson,female
Tanisha Mack,female
Tanisha Mosley,female
Tanisha Rivers,female
Tanisha Roberson,female
Tanisha Singleton,female
Tanisha Ware,female
Terrell Booker,male
Terrell Charles,male
Terrell Dorsey,male
Terrell Harris,male
Terrell Jackson,male
Terrell Jefferson,male
Terrell Joseph,male
Terrell Mosley,male
Terrell Robinson,male
Terrell Ware,male
Terrell Williams,male
Thalia Al-Mutairi,female
Thalia Kassar,female
Thalia Najafi,female
Thalia Qureshi,female
Thalia al-Balushi,female
Thalia al-Fasi,female
Thomas Carlson,male
Thomas Hansen,male
Thomas Hanson,male
Thomas Hoffman,male
Thomas Johnston,male
Thomas Keller,male
Thomas Larson,male
Thomas Meyer,male
Thomas Schultz,male
Thomas Snyder,male
Thomas Wagner,male
Timothy Hoffman,male
Timothy Jensen,male
Timothy Keller,male
Timothy Meyer,male
Timothy Obrien,male
Timothy Olson,male
Timothy Ryan,male
Timothy Schneider,male
Timothy Schultz,male
Timothy Weber,male
Trevon Banks,male
Trevon Booker,male
Trevon Coleman,male
Trevon Harris,male
Trevon Jackson,male
Trevon Jefferson,male
Trevon Joseph,male
Trevon Mosley,male
Trevon Rivers,male
Trevon Roberson,male
Trevon Robinson,male
Trevon Singleton,male
Trevon Williams,male
Tyrone Charles,male
Tyrone Coleman,male
Tyrone Dorsey,male
Tyrone Jackson,male
Tyrone Mack,male
Tyrone Mosley,male
Tyrone Singleton,male
Tyrone Washington,male
Vicky Chen,female
Vicky Choi,female
Vicky Huang,female
Vicky Kim,female
Vicky Le,female
Vicky Li,female
Vicky Lin,female
Vicky Liu,female
Vicky Pham,female
Vicky Wang,female
Vicky Yang,female
Vivian Ho,female
Vivian Huang,female
Vivian Kim,female
Vivian Le,female
Vivian Li,female
Vivian Lin,female
Vivian Nguyen,female
Vivian Pham,female
Vivian Tran,female
Vivian Wu,female
Vivian Yu,female
Vivian Zhang,female
White,unknown
Williams,unknown
Winnie Huynh,mostly_female
Winnie Kim,mostly_female
Winnie Le,mostly_female
Winnie Li,mostly_female
Winnie Wang,mostly_female
Winnie Yang,mostly_female
Yousouf Al-Zoubi,unknown
Yousouf Badawi,unknown
Yousouf Hosseini,unknown
Yousouf Kassar,unknown
Yousouf Khattab,unknown
Yousouf Mughrabi,unknown
Yousouf Najafi,unknown
Yousouf Sahraoui,unknown
Yousouf Tamimi,unknown
Yousouf Wardak,unknown
Yousouf al-Fasi,unknown
Zahra Al-Mutairi,female
Zahra Al-Zoubi,female
Zahra Badawi,female
Zahra Hosseini,female
Zahra Kassar,female
Zahra Khattab,female
Zahra Mahmoudi,female
Zahra Najafi,female
Zahra Qureshi,female
Zahra Safadi,female
Zahra Sahraoui,female
Zahra Wardak,female
Zahra al-Balushi,female
Zahra al-Fasi,female
Zahra al-Masri,female
Zeinab Boushaki,female
Zeinab El-Solh,female
Zeinab Hosseini,female
Zeinab Kassar,female
Zeinab Mughrabi,female
Zeinab Safadi,female
Zeinab Shakir,female
Zeinab Tamimi,female
Zeinab Wardak,female
Zeinab al-Balushi,female
Zeinab al-Fasi,female
